<?xml version="1.0" encoding="UTF-8"?>
<project-private xmlns="http://www.netbeans.org/ns/project-private/1">
    <editor-bookmarks xmlns="http://www.netbeans.org/ns/editor-bookmarks/2" lastBookmarkId="0"/>
    <open-files xmlns="http://www.netbeans.org/ns/projectui-open-files/2">
        <group>
            <file>file:/D:/Usuarios/Marcel/Dropbox/Trabalhos%20Externos/Romario/Thrift/Trabalho/Servidor/src/com/Main.java</file>
            <file>file:/D:/Usuarios/Marcel/Dropbox/Trabalhos%20Externos/Romario/Thrift/Trabalho/Servidor/src/persistencia/DBVertice.java</file>
            <file>file:/D:/Usuarios/Marcel/Dropbox/Trabalhos%20Externos/Romario/Thrift/Trabalho/Servidor/src/modelo/entidades/DadosEdge.java</file>
            <file>file:/D:/Usuarios/Marcel/Dropbox/Trabalhos%20Externos/Romario/Thrift/Trabalho/Servidor/src/persistencia/DBAresta.java</file>
            <file>file:/D:/Usuarios/Marcel/Dropbox/Trabalhos%20Externos/Romario/Thrift/Trabalho/Servidor/src/modelo/MethodsHandle.java</file>
            <file>file:/D:/Usuarios/Marcel/Dropbox/Trabalhos%20Externos/Romario/Thrift/Trabalho/Servidor/src/ThriftGenerate/Edge.java</file>
        </group>
    </open-files>
</project-private>
